recommendation_id,recommendation_type,product_id,product_name,store_id,store_name,alternative_product_id,alternative_product_name,alternative_store_id,alternative_store_name,available_quantity,priority,action,reason,evidence,suggested_quantity,avg_daily_sales,predicted_days_remaining,demand_trend,risk_score,confidence_level,suggested_reorder_qty,suggested_transfer_branch,alert_reason,depletion_window,urgency_label,source_agent,status
REC00001,discount,102,16 oz Clear Cold Cups Case,1,,,,,,,medium,Consider a discount to improve sell-through.,Inventory coverage is high compared with recent sales velocity.,"recent_daily_velocity=0.14, cutoff=7.93",,,,,,,,,,,,pricing_agent,pending
REC00002,clearance,202,Multi-Surface Cleaner Gallon Case,1,,,,,,,medium,Plan clearance for the affected stock.,Stock has weak recent movement or may exceed shelf life.,"stock=54, recent_30_day_sales=0.0, shelf_life_days=0, days_of_stock=0.0",,,,,,,,,,,,pricing_agent,pending
REC00003,clearance,203,Disinfectant Wipes Bucket,1,,,,,,,medium,Plan clearance for the affected stock.,Stock has weak recent movement or may exceed shelf life.,"stock=110, recent_30_day_sales=0.0, shelf_life_days=0, days_of_stock=0.0",,,,,,,,,,,,pricing_agent,pending
REC00004,clearance,204,Hardwound Paper Towels Case,1,,,,,,,medium,Plan clearance for the affected stock.,Stock has weak recent movement or may exceed shelf life.,"stock=50, recent_30_day_sales=0.0, shelf_life_days=0, days_of_stock=0.0",,,,,,,,,,,,pricing_agent,pending
REC00005,clearance,302,Safety Glasses Pack,1,,,,,,,medium,Plan clearance for the affected stock.,Stock has weak recent movement or may exceed shelf life.,"stock=3, recent_30_day_sales=0.0, shelf_life_days=0, days_of_stock=0.0",,,,,,,,,,,,pricing_agent,pending
REC00006,clearance,303,Disposable Face Masks Case,1,,,,,,,medium,Plan clearance for the affected stock.,Stock has weak recent movement or may exceed shelf life.,"stock=31, recent_30_day_sales=0.0, shelf_life_days=0, days_of_stock=0.0",,,,,,,,,,,,pricing_agent,pending
REC00007,clearance,304,High Visibility Safety Vest Pack,1,,,,,,,medium,Plan clearance for the affected stock.,Stock has weak recent movement or may exceed shelf life.,"stock=105, recent_30_day_sales=0.0, shelf_life_days=0, days_of_stock=0.0",,,,,,,,,,,,pricing_agent,pending
REC00008,clearance,401,Bottled Water 24 Pack Case,1,,,,,,,medium,Plan clearance for the affected stock.,Stock has weak recent movement or may exceed shelf life.,"stock=95, recent_30_day_sales=0.0, shelf_life_days=0, days_of_stock=0.0",,,,,,,,,,,,pricing_agent,pending
REC00009,clearance,402,Coffee Pods Box,1,,,,,,,medium,Plan clearance for the affected stock.,Stock has weak recent movement or may exceed shelf life.,"stock=82, recent_30_day_sales=0.0, shelf_life_days=0, days_of_stock=0.0",,,,,,,,,,,,pricing_agent,pending
REC00010,clearance,403,Copy Paper Case,1,,,,,,,medium,Plan clearance for the affected stock.,Stock has weak recent movement or may exceed shelf life.,"stock=28, recent_30_day_sales=0.0, shelf_life_days=0, days_of_stock=0.0",,,,,,,,,,,,pricing_agent,pending
REC00011,clearance,102,16 oz Clear Cold Cups Case,2,,,,,,,medium,Plan clearance for the affected stock.,Stock has weak recent movement or may exceed shelf life.,"stock=200, recent_30_day_sales=0.0, shelf_life_days=0, days_of_stock=0.0",,,,,,,,,,,,pricing_agent,pending
REC00012,clearance,103,9 inch Paper Plates Case,2,,,,,,,medium,Plan clearance for the affected stock.,Stock has weak recent movement or may exceed shelf life.,"stock=173, recent_30_day_sales=0.0, shelf_life_days=0, days_of_stock=0.0",,,,,,,,,,,,pricing_agent,pending
REC00013,clearance,202,Multi-Surface Cleaner Gallon Case,2,,,,,,,medium,Plan clearance for the affected stock.,Stock has weak recent movement or may exceed shelf life.,"stock=61, recent_30_day_sales=0.0, shelf_life_days=0, days_of_stock=0.0",,,,,,,,,,,,pricing_agent,pending
REC00014,clearance,203,Disinfectant Wipes Bucket,2,,,,,,,medium,Plan clearance for the affected stock.,Stock has weak recent movement or may exceed shelf life.,"stock=56, recent_30_day_sales=0.0, shelf_life_days=0, days_of_stock=0.0",,,,,,,,,,,,pricing_agent,pending
REC00015,clearance,204,Hardwound Paper Towels Case,2,,,,,,,medium,Plan clearance for the affected stock.,Stock has weak recent movement or may exceed shelf life.,"stock=82, recent_30_day_sales=0.0, shelf_life_days=0, days_of_stock=0.0",,,,,,,,,,,,pricing_agent,pending
REC00016,clearance,302,Safety Glasses Pack,2,,,,,,,medium,Plan clearance for the affected stock.,Stock has weak recent movement or may exceed shelf life.,"stock=62, recent_30_day_sales=0.0, shelf_life_days=0, days_of_stock=0.0",,,,,,,,,,,,pricing_agent,pending
REC00017,clearance,303,Disposable Face Masks Case,2,,,,,,,medium,Plan clearance for the affected stock.,Stock has weak recent movement or may exceed shelf life.,"stock=65, recent_30_day_sales=0.0, shelf_life_days=0, days_of_stock=0.0",,,,,,,,,,,,pricing_agent,pending
REC00018,clearance,304,High Visibility Safety Vest Pack,2,,,,,,,medium,Plan clearance for the affected stock.,Stock has weak recent movement or may exceed shelf life.,"stock=77, recent_30_day_sales=0.0, shelf_life_days=0, days_of_stock=0.0",,,,,,,,,,,,pricing_agent,pending
REC00019,clearance,401,Bottled Water 24 Pack Case,2,,,,,,,medium,Plan clearance for the affected stock.,Stock has weak recent movement or may exceed shelf life.,"stock=92, recent_30_day_sales=0.0, shelf_life_days=0, days_of_stock=0.0",,,,,,,,,,,,pricing_agent,pending
REC00020,clearance,402,Coffee Pods Box,2,,,,,,,medium,Plan clearance for the affected stock.,Stock has weak recent movement or may exceed shelf life.,"stock=61, recent_30_day_sales=0.0, shelf_life_days=0, days_of_stock=0.0",,,,,,,,,,,,pricing_agent,pending
REC00021,clearance,403,Copy Paper Case,2,,,,,,,medium,Plan clearance for the affected stock.,Stock has weak recent movement or may exceed shelf life.,"stock=26, recent_30_day_sales=0.0, shelf_life_days=0, days_of_stock=0.0",,,,,,,,,,,,pricing_agent,pending
REC00022,clearance,102,16 oz Clear Cold Cups Case,3,,,,,,,medium,Plan clearance for the affected stock.,Stock has weak recent movement or may exceed shelf life.,"stock=53, recent_30_day_sales=0.0, shelf_life_days=0, days_of_stock=0.0",,,,,,,,,,,,pricing_agent,pending
REC00023,clearance,103,9 inch Paper Plates Case,3,,,,,,,medium,Plan clearance for the affected stock.,Stock has weak recent movement or may exceed shelf life.,"stock=104, recent_30_day_sales=0.0, shelf_life_days=0, days_of_stock=0.0",,,,,,,,,,,,pricing_agent,pending
REC00024,clearance,202,Multi-Surface Cleaner Gallon Case,3,,,,,,,medium,Plan clearance for the affected stock.,Stock has weak recent movement or may exceed shelf life.,"stock=66, recent_30_day_sales=0.0, shelf_life_days=0, days_of_stock=0.0",,,,,,,,,,,,pricing_agent,pending
REC00025,clearance,203,Disinfectant Wipes Bucket,3,,,,,,,medium,Plan clearance for the affected stock.,Stock has weak recent movement or may exceed shelf life.,"stock=153, recent_30_day_sales=0.0, shelf_life_days=0, days_of_stock=0.0",,,,,,,,,,,,pricing_agent,pending
REC00026,clearance,204,Hardwound Paper Towels Case,3,,,,,,,medium,Plan clearance for the affected stock.,Stock has weak recent movement or may exceed shelf life.,"stock=159, recent_30_day_sales=0.0, shelf_life_days=0, days_of_stock=0.0",,,,,,,,,,,,pricing_agent,pending
REC00027,clearance,304,High Visibility Safety Vest Pack,3,,,,,,,medium,Plan clearance for the affected stock.,Stock has weak recent movement or may exceed shelf life.,"stock=47, recent_30_day_sales=0.0, shelf_life_days=0, days_of_stock=0.0",,,,,,,,,,,,pricing_agent,pending
REC00028,clearance,401,Bottled Water 24 Pack Case,3,,,,,,,medium,Plan clearance for the affected stock.,Stock has weak recent movement or may exceed shelf life.,"stock=64, recent_30_day_sales=0.0, shelf_life_days=0, days_of_stock=0.0",,,,,,,,,,,,pricing_agent,pending
REC00029,clearance,402,Coffee Pods Box,3,,,,,,,medium,Plan clearance for the affected stock.,Stock has weak recent movement or may exceed shelf life.,"stock=143, recent_30_day_sales=0.0, shelf_life_days=0, days_of_stock=0.0",,,,,,,,,,,,pricing_agent,pending
REC00030,clearance,102,16 oz Clear Cold Cups Case,4,,,,,,,medium,Plan clearance for the affected stock.,Stock has weak recent movement or may exceed shelf life.,"stock=153, recent_30_day_sales=0.0, shelf_life_days=0, days_of_stock=0.0",,,,,,,,,,,,pricing_agent,pending
REC00031,clearance,103,9 inch Paper Plates Case,4,,,,,,,medium,Plan clearance for the affected stock.,Stock has weak recent movement or may exceed shelf life.,"stock=96, recent_30_day_sales=0.0, shelf_life_days=0, days_of_stock=0.0",,,,,,,,,,,,pricing_agent,pending
REC00032,clearance,202,Multi-Surface Cleaner Gallon Case,4,,,,,,,medium,Plan clearance for the affected stock.,Stock has weak recent movement or may exceed shelf life.,"stock=97, recent_30_day_sales=0.0, shelf_life_days=0, days_of_stock=0.0",,,,,,,,,,,,pricing_agent,pending
REC00033,clearance,203,Disinfectant Wipes Bucket,4,,,,,,,medium,Plan clearance for the affected stock.,Stock has weak recent movement or may exceed shelf life.,"stock=104, recent_30_day_sales=0.0, shelf_life_days=0, days_of_stock=0.0",,,,,,,,,,,,pricing_agent,pending
REC00034,clearance,204,Hardwound Paper Towels Case,4,,,,,,,medium,Plan clearance for the affected stock.,Stock has weak recent movement or may exceed shelf life.,"stock=6, recent_30_day_sales=0.0, shelf_life_days=0, days_of_stock=0.0",,,,,,,,,,,,pricing_agent,pending
REC00035,clearance,302,Safety Glasses Pack,4,,,,,,,medium,Plan clearance for the affected stock.,Stock has weak recent movement or may exceed shelf life.,"stock=45, recent_30_day_sales=0.0, shelf_life_days=0, days_of_stock=0.0",,,,,,,,,,,,pricing_agent,pending
REC00036,clearance,303,Disposable Face Masks Case,4,,,,,,,medium,Plan clearance for the affected stock.,Stock has weak recent movement or may exceed shelf life.,"stock=75, recent_30_day_sales=0.0, shelf_life_days=0, days_of_stock=0.0",,,,,,,,,,,,pricing_agent,pending
REC00037,clearance,304,High Visibility Safety Vest Pack,4,,,,,,,medium,Plan clearance for the affected stock.,Stock has weak recent movement or may exceed shelf life.,"stock=30, recent_30_day_sales=0.0, shelf_life_days=0, days_of_stock=0.0",,,,,,,,,,,,pricing_agent,pending
REC00038,clearance,401,Bottled Water 24 Pack Case,4,,,,,,,medium,Plan clearance for the affected stock.,Stock has weak recent movement or may exceed shelf life.,"stock=133, recent_30_day_sales=0.0, shelf_life_days=0, days_of_stock=0.0",,,,,,,,,,,,pricing_agent,pending
REC00039,clearance,402,Coffee Pods Box,4,,,,,,,medium,Plan clearance for the affected stock.,Stock has weak recent movement or may exceed shelf life.,"stock=86, recent_30_day_sales=0.0, shelf_life_days=0, days_of_stock=0.0",,,,,,,,,,,,pricing_agent,pending
REC00040,clearance,403,Copy Paper Case,4,,,,,,,medium,Plan clearance for the affected stock.,Stock has weak recent movement or may exceed shelf life.,"stock=26, recent_30_day_sales=0.0, shelf_life_days=0, days_of_stock=0.0",,,,,,,,,,,,pricing_agent,pending
REC00041,clearance,102,16 oz Clear Cold Cups Case,5,,,,,,,medium,Plan clearance for the affected stock.,Stock has weak recent movement or may exceed shelf life.,"stock=176, recent_30_day_sales=0.0, shelf_life_days=0, days_of_stock=0.0",,,,,,,,,,,,pricing_agent,pending
REC00042,clearance,103,9 inch Paper Plates Case,5,,,,,,,medium,Plan clearance for the affected stock.,Stock has weak recent movement or may exceed shelf life.,"stock=179, recent_30_day_sales=0.0, shelf_life_days=0, days_of_stock=0.0",,,,,,,,,,,,pricing_agent,pending
REC00043,clearance,202,Multi-Surface Cleaner Gallon Case,5,,,,,,,medium,Plan clearance for the affected stock.,Stock has weak recent movement or may exceed shelf life.,"stock=158, recent_30_day_sales=0.0, shelf_life_days=0, days_of_stock=0.0",,,,,,,,,,,,pricing_agent,pending
REC00044,clearance,203,Disinfectant Wipes Bucket,5,,,,,,,medium,Plan clearance for the affected stock.,Stock has weak recent movement or may exceed shelf life.,"stock=90, recent_30_day_sales=0.0, shelf_life_days=0, days_of_stock=0.0",,,,,,,,,,,,pricing_agent,pending
REC00045,clearance,204,Hardwound Paper Towels Case,5,,,,,,,medium,Plan clearance for the affected stock.,Stock has weak recent movement or may exceed shelf life.,"stock=103, recent_30_day_sales=0.0, shelf_life_days=0, days_of_stock=0.0",,,,,,,,,,,,pricing_agent,pending
REC00046,clearance,303,Disposable Face Masks Case,5,,,,,,,medium,Plan clearance for the affected stock.,Stock has weak recent movement or may exceed shelf life.,"stock=29, recent_30_day_sales=0.0, shelf_life_days=0, days_of_stock=0.0",,,,,,,,,,,,pricing_agent,pending
REC00047,clearance,304,High Visibility Safety Vest Pack,5,,,,,,,medium,Plan clearance for the affected stock.,Stock has weak recent movement or may exceed shelf life.,"stock=29, recent_30_day_sales=0.0, shelf_life_days=0, days_of_stock=0.0",,,,,,,,,,,,pricing_agent,pending
REC00048,clearance,401,Bottled Water 24 Pack Case,5,,,,,,,medium,Plan clearance for the affected stock.,Stock has weak recent movement or may exceed shelf life.,"stock=141, recent_30_day_sales=0.0, shelf_life_days=0, days_of_stock=0.0",,,,,,,,,,,,pricing_agent,pending
REC00049,clearance,402,Coffee Pods Box,5,,,,,,,medium,Plan clearance for the affected stock.,Stock has weak recent movement or may exceed shelf life.,"stock=133, recent_30_day_sales=0.0, shelf_life_days=0, days_of_stock=0.0",,,,,,,,,,,,pricing_agent,pending
REC00050,clearance,403,Copy Paper Case,5,,,,,,,medium,Plan clearance for the affected stock.,Stock has weak recent movement or may exceed shelf life.,"stock=500, recent_30_day_sales=0.0, shelf_life_days=0, days_of_stock=0.0",,,,,,,,,,,,pricing_agent,pending
REC00051,transfer,404,Pallet Stretch Film Case,2,Mock Distribution Branch - Plano,,,,,,medium,Transfer 25 units from 5 to 2.,One store is below reorder point while another store has surplus stock.,"source_store=Mock Distribution Branch - Chicago, source_store_id=5, destination_store=Mock Distribution Branch - Plano, destination_store_id=2, source_surplus=82.5, destination_stock=0.0, destination_threshold=25.0",25,6.43,0.0,Rising,80.0,High,34.0,Mock Distribution Branch - Irving,Recent demand velocity predicts Pallet Stretch Film Case at Mock Distribution Branch - Plano has inventory stable.,Less than 1 day remaining,Critical,transfer_agent,pending
REC00052,transfer,201,55 Gallon Industrial Trash Bags Case,3,Mock Distribution Branch - Irving,,,,,,medium,Transfer 30 units from 5 to 3.,One store is below reorder point while another store has surplus stock.,"source_store=Mock Distribution Branch - Chicago, source_store_id=5, destination_store=Mock Distribution Branch - Irving, destination_store_id=3, source_surplus=105.0, destination_stock=0.0, destination_threshold=30.0",30,9.71,0.0,Stable,80.0,High,64.0,Mock Distribution Branch - Chicago,Recent demand velocity predicts 55 Gallon Industrial Trash Bags Case at Mock Distribution Branch - Irving has inventory stable.,Less than 1 day remaining,Critical,transfer_agent,pending
REC00053,transfer,404,Pallet Stretch Film Case,4,Mock Distribution Branch - Eden Prairie,,,,,,medium,Transfer 25 units from 5 to 4.,One store is below reorder point while another store has surplus stock.,"source_store=Mock Distribution Branch - Chicago, source_store_id=5, destination_store=Mock Distribution Branch - Eden Prairie, destination_store_id=4, source_surplus=82.5, destination_stock=0.0, destination_threshold=25.0",25,5.57,0.0,Rising,80.0,High,29.0,Mock Distribution Branch - Irving,Recent demand velocity predicts Pallet Stretch Film Case at Mock Distribution Branch - Eden Prairie has inventory stable.,Less than 1 day remaining,Critical,transfer_agent,pending
REC00054,transfer,301,Nitrile Gloves Medium Case,1,Mock Distribution Branch - Dallas,,,,,,medium,Transfer 21 units from 4 to 1.,One store is below reorder point while another store has surplus stock.,"source_store=Mock Distribution Branch - Eden Prairie, source_store_id=4, destination_store=Mock Distribution Branch - Dallas, destination_store_id=1, source_surplus=66.5, destination_stock=4.0, destination_threshold=25.0",21,41.29,0.1,Demand Spike,75.0,Medium,269.0,Mock Distribution Branch - Eden Prairie,Demand spike detected for Nitrile Gloves Medium Case at Mock Distribution Branch - Dallas; recent velocity is above historical demand.,Less than 1 day remaining,Critical,transfer_agent,pending
REC00055,transfer,104,Compostable Takeout Containers Case,2,Mock Distribution Branch - Plano,,,,,,medium,Transfer 34 units from 4 to 2.,One store is below reorder point while another store has surplus stock.,"source_store=Mock Distribution Branch - Eden Prairie, source_store_id=4, destination_store=Mock Distribution Branch - Plano, destination_store_id=2, source_surplus=145.0, destination_stock=6.0, destination_threshold=40.0",34,8.29,0.72,Stable,56.0,High,44.0,Mock Distribution Branch - Eden Prairie,Recent demand velocity predicts Compostable Takeout Containers Case at Mock Distribution Branch - Plano has less than 1 day remaining.,Less than 1 day remaining,Critical,transfer_agent,pending
REC00056,transfer,103,9 inch Paper Plates Case,1,Mock Distribution Branch - Dallas,,,,,,medium,Transfer 40 units from 5 to 1.,One store is below reorder point while another store has surplus stock.,"source_store=Mock Distribution Branch - Chicago, source_store_id=5, destination_store=Mock Distribution Branch - Dallas, destination_store_id=1, source_surplus=119.0, destination_stock=0.0, destination_threshold=40.0",40,0.0,999.0,No sales data,41.0,Low,80.0,Mock Distribution Branch - Chicago,"No recent sales history is available, so 9 inch Paper Plates Case at Mock Distribution Branch - Dallas is flagged using the reorder threshold fallback.",Inventory stable,Healthy,transfer_agent,pending
REC00057,transfer,303,Disposable Face Masks Case,3,Mock Distribution Branch - Irving,,,,,,medium,Transfer 25 units from 4 to 3.,One store is below reorder point while another store has surplus stock.,"source_store=Mock Distribution Branch - Eden Prairie, source_store_id=4, destination_store=Mock Distribution Branch - Irving, destination_store_id=3, source_surplus=37.5, destination_stock=0.0, destination_threshold=25.0",25,0.0,999.0,No sales data,41.0,Low,50.0,Mock Distribution Branch - Eden Prairie,"No recent sales history is available, so Disposable Face Masks Case at Mock Distribution Branch - Irving is flagged using the reorder threshold fallback.",Inventory stable,Healthy,transfer_agent,pending
REC00058,transfer,403,Copy Paper Case,3,Mock Distribution Branch - Irving,,,,,,medium,Transfer 20 units from 5 to 3.,One store is below reorder point while another store has surplus stock.,"source_store=Mock Distribution Branch - Chicago, source_store_id=5, destination_store=Mock Distribution Branch - Irving, destination_store_id=3, source_surplus=470.0, destination_stock=0.0, destination_threshold=20.0",20,0.0,999.0,No sales data,41.0,Low,40.0,Mock Distribution Branch - Chicago,"No recent sales history is available, so Copy Paper Case at Mock Distribution Branch - Irving is flagged using the reorder threshold fallback.",Inventory stable,Healthy,transfer_agent,pending
REC00059,transfer,302,Safety Glasses Pack,3,Mock Distribution Branch - Irving,,,,,,medium,Transfer 24 units from 2 to 3.,One store is below reorder point while another store has surplus stock.,"source_store=Mock Distribution Branch - Plano, source_store_id=2, destination_store=Mock Distribution Branch - Irving, destination_store_id=3, source_surplus=24.5, destination_stock=0.0, destination_threshold=25.0",24,0.0,999.0,No sales data,39.0,Low,50.0,Mock Distribution Branch - Plano,"No recent sales history is available, so Safety Glasses Pack at Mock Distribution Branch - Irving is flagged using the reorder threshold fallback.",Inventory stable,Healthy,transfer_agent,pending
REC00060,transfer,302,Safety Glasses Pack,5,Mock Distribution Branch - Chicago,,,,,,medium,Transfer 24 units from 2 to 5.,One store is below reorder point while another store has surplus stock.,"source_store=Mock Distribution Branch - Plano, source_store_id=2, destination_store=Mock Distribution Branch - Chicago, destination_store_id=5, source_surplus=24.5, destination_stock=0.0, destination_threshold=25.0",24,0.0,999.0,No sales data,39.0,Low,50.0,Mock Distribution Branch - Plano,"No recent sales history is available, so Safety Glasses Pack at Mock Distribution Branch - Chicago is flagged using the reorder threshold fallback.",Inventory stable,Healthy,transfer_agent,pending
REC00061,transfer,302,Safety Glasses Pack,1,Mock Distribution Branch - Dallas,,,,,,medium,Transfer 22 units from 2 to 1.,One store is below reorder point while another store has surplus stock.,"source_store=Mock Distribution Branch - Plano, source_store_id=2, destination_store=Mock Distribution Branch - Dallas, destination_store_id=1, source_surplus=24.5, destination_stock=3.0, destination_threshold=25.0",22,0.0,999.0,No sales data,6.0,Low,47.0,Mock Distribution Branch - Plano,"No recent sales history is available, so Safety Glasses Pack at Mock Distribution Branch - Dallas is flagged using the reorder threshold fallback.",Inventory stable,Healthy,transfer_agent,pending
REC00062,transfer,204,Hardwound Paper Towels Case,4,Mock Distribution Branch - Eden Prairie,,,,,,medium,Transfer 24 units from 3 to 4.,One store is below reorder point while another store has surplus stock.,"source_store=Mock Distribution Branch - Irving, source_store_id=3, destination_store=Mock Distribution Branch - Eden Prairie, destination_store_id=4, source_surplus=114.0, destination_stock=6.0, destination_threshold=30.0",24,0.0,999.0,No sales data,4.0,Low,54.0,Mock Distribution Branch - Irving,"No recent sales history is available, so Hardwound Paper Towels Case at Mock Distribution Branch - Eden Prairie is flagged using the reorder threshold fallback.",Inventory stable,Healthy,transfer_agent,pending
REC00063,alternative_option,104,Compostable Takeout Containers Case,2,Mock Distribution Branch - Plano,101,12 oz Paper Hot Cups Case,2,Mock Distribution Branch - Plano,222,medium,Offer 12 oz Paper Hot Cups Case from Mock Distribution Branch - Plano as an alternative to Compostable Takeout Containers Case for Mock Distribution Branch - Plano.,12 oz Paper Hot Cups Case is available at Mock Distribution Branch - Plano with 222 units in the same Foodservice Disposables category.,"low_stock_product=Compostable Takeout Containers Case, low_stock_store=Mock Distribution Branch - Plano, alternative_product=12 oz Paper Hot Cups Case, alternative_store=Mock Distribution Branch - Plano, category=Foodservice Disposables, available_quantity=222, is_exclusive=False",,,,,,,,,,,,transfer_agent,pending
REC00064,alternative_option,103,9 inch Paper Plates Case,1,Mock Distribution Branch - Dallas,101,12 oz Paper Hot Cups Case,2,Mock Distribution Branch - Plano,222,medium,Offer 12 oz Paper Hot Cups Case from Mock Distribution Branch - Plano as an alternative to 9 inch Paper Plates Case for Mock Distribution Branch - Dallas.,12 oz Paper Hot Cups Case is available at Mock Distribution Branch - Plano with 222 units in the same Foodservice Disposables category.,"low_stock_product=9 inch Paper Plates Case, low_stock_store=Mock Distribution Branch - Dallas, alternative_product=12 oz Paper Hot Cups Case, alternative_store=Mock Distribution Branch - Plano, category=Foodservice Disposables, available_quantity=222, is_exclusive=False",,,,,,,,,,,,transfer_agent,pending
REC00065,alternative_option,104,Compostable Takeout Containers Case,1,Mock Distribution Branch - Dallas,101,12 oz Paper Hot Cups Case,2,Mock Distribution Branch - Plano,222,medium,Offer 12 oz Paper Hot Cups Case from Mock Distribution Branch - Plano as an alternative to Compostable Takeout Containers Case for Mock Distribution Branch - Dallas.,12 oz Paper Hot Cups Case is available at Mock Distribution Branch - Plano with 222 units in the same Foodservice Disposables category.,"low_stock_product=Compostable Takeout Containers Case, low_stock_store=Mock Distribution Branch - Dallas, alternative_product=12 oz Paper Hot Cups Case, alternative_store=Mock Distribution Branch - Plano, category=Foodservice Disposables, available_quantity=222, is_exclusive=False",,,,,,,,,,,,transfer_agent,pending
REC00066,alternative_option,103,9 inch Paper Plates Case,1,Mock Distribution Branch - Dallas,104,Compostable Takeout Containers Case,4,Mock Distribution Branch - Eden Prairie,205,medium,Offer Compostable Takeout Containers Case from Mock Distribution Branch - Eden Prairie as an alternative to 9 inch Paper Plates Case for Mock Distribution Branch - Dallas.,Compostable Takeout Containers Case is available at Mock Distribution Branch - Eden Prairie with 205 units in the same Foodservice Disposables category.,"low_stock_product=9 inch Paper Plates Case, low_stock_store=Mock Distribution Branch - Dallas, alternative_product=Compostable Takeout Containers Case, alternative_store=Mock Distribution Branch - Eden Prairie, category=Foodservice Disposables, available_quantity=205, is_exclusive=False",,,,,,,,,,,,transfer_agent,pending
REC00067,alternative_option,101,12 oz Paper Hot Cups Case,5,Mock Distribution Branch - Chicago,104,Compostable Takeout Containers Case,4,Mock Distribution Branch - Eden Prairie,205,medium,Offer Compostable Takeout Containers Case from Mock Distribution Branch - Eden Prairie as an alternative to 12 oz Paper Hot Cups Case for Mock Distribution Branch - Chicago.,Compostable Takeout Containers Case is available at Mock Distribution Branch - Eden Prairie with 205 units in the same Foodservice Disposables category.,"low_stock_product=12 oz Paper Hot Cups Case, low_stock_store=Mock Distribution Branch - Chicago, alternative_product=Compostable Takeout Containers Case, alternative_store=Mock Distribution Branch - Eden Prairie, category=Foodservice Disposables, available_quantity=205, is_exclusive=False",,,,,,,,,,,,transfer_agent,pending
REC00068,alternative_option,104,Compostable Takeout Containers Case,2,Mock Distribution Branch - Plano,102,16 oz Clear Cold Cups Case,2,Mock Distribution Branch - Plano,200,medium,Offer 16 oz Clear Cold Cups Case from Mock Distribution Branch - Plano as an alternative to Compostable Takeout Containers Case for Mock Distribution Branch - Plano.,16 oz Clear Cold Cups Case is available at Mock Distribution Branch - Plano with 200 units in the same Foodservice Disposables category.,"low_stock_product=Compostable Takeout Containers Case, low_stock_store=Mock Distribution Branch - Plano, alternative_product=16 oz Clear Cold Cups Case, alternative_store=Mock Distribution Branch - Plano, category=Foodservice Disposables, available_quantity=200, is_exclusive=False",,,,,,,,,,,,transfer_agent,pending
REC00069,alternative_option,103,9 inch Paper Plates Case,1,Mock Distribution Branch - Dallas,102,16 oz Clear Cold Cups Case,2,Mock Distribution Branch - Plano,200,medium,Offer 16 oz Clear Cold Cups Case from Mock Distribution Branch - Plano as an alternative to 9 inch Paper Plates Case for Mock Distribution Branch - Dallas.,16 oz Clear Cold Cups Case is available at Mock Distribution Branch - Plano with 200 units in the same Foodservice Disposables category.,"low_stock_product=9 inch Paper Plates Case, low_stock_store=Mock Distribution Branch - Dallas, alternative_product=16 oz Clear Cold Cups Case, alternative_store=Mock Distribution Branch - Plano, category=Foodservice Disposables, available_quantity=200, is_exclusive=False",,,,,,,,,,,,transfer_agent,pending
REC00070,alternative_option,101,12 oz Paper Hot Cups Case,5,Mock Distribution Branch - Chicago,102,16 oz Clear Cold Cups Case,2,Mock Distribution Branch - Plano,200,medium,Offer 16 oz Clear Cold Cups Case from Mock Distribution Branch - Plano as an alternative to 12 oz Paper Hot Cups Case for Mock Distribution Branch - Chicago.,16 oz Clear Cold Cups Case is available at Mock Distribution Branch - Plano with 200 units in the same Foodservice Disposables category.,"low_stock_product=12 oz Paper Hot Cups Case, low_stock_store=Mock Distribution Branch - Chicago, alternative_product=16 oz Clear Cold Cups Case, alternative_store=Mock Distribution Branch - Plano, category=Foodservice Disposables, available_quantity=200, is_exclusive=False",,,,,,,,,,,,transfer_agent,pending
REC00071,alternative_option,104,Compostable Takeout Containers Case,1,Mock Distribution Branch - Dallas,102,16 oz Clear Cold Cups Case,2,Mock Distribution Branch - Plano,200,medium,Offer 16 oz Clear Cold Cups Case from Mock Distribution Branch - Plano as an alternative to Compostable Takeout Containers Case for Mock Distribution Branch - Dallas.,16 oz Clear Cold Cups Case is available at Mock Distribution Branch - Plano with 200 units in the same Foodservice Disposables category.,"low_stock_product=Compostable Takeout Containers Case, low_stock_store=Mock Distribution Branch - Dallas, alternative_product=16 oz Clear Cold Cups Case, alternative_store=Mock Distribution Branch - Plano, category=Foodservice Disposables, available_quantity=200, is_exclusive=False",,,,,,,,,,,,transfer_agent,pending
REC00072,alternative_option,104,Compostable Takeout Containers Case,2,Mock Distribution Branch - Plano,103,9 inch Paper Plates Case,5,Mock Distribution Branch - Chicago,179,medium,Offer 9 inch Paper Plates Case from Mock Distribution Branch - Chicago as an alternative to Compostable Takeout Containers Case for Mock Distribution Branch - Plano.,9 inch Paper Plates Case is available at Mock Distribution Branch - Chicago with 179 units in the same Foodservice Disposables category.,"low_stock_product=Compostable Takeout Containers Case, low_stock_store=Mock Distribution Branch - Plano, alternative_product=9 inch Paper Plates Case, alternative_store=Mock Distribution Branch - Chicago, category=Foodservice Disposables, available_quantity=179, is_exclusive=False",,,,,,,,,,,,transfer_agent,pending
REC00073,alternative_option,101,12 oz Paper Hot Cups Case,5,Mock Distribution Branch - Chicago,103,9 inch Paper Plates Case,5,Mock Distribution Branch - Chicago,179,medium,Offer 9 inch Paper Plates Case from Mock Distribution Branch - Chicago as an alternative to 12 oz Paper Hot Cups Case for Mock Distribution Branch - Chicago.,9 inch Paper Plates Case is available at Mock Distribution Branch - Chicago with 179 units in the same Foodservice Disposables category.,"low_stock_product=12 oz Paper Hot Cups Case, low_stock_store=Mock Distribution Branch - Chicago, alternative_product=9 inch Paper Plates Case, alternative_store=Mock Distribution Branch - Chicago, category=Foodservice Disposables, available_quantity=179, is_exclusive=False",,,,,,,,,,,,transfer_agent,pending
REC00074,alternative_option,104,Compostable Takeout Containers Case,1,Mock Distribution Branch - Dallas,103,9 inch Paper Plates Case,5,Mock Distribution Branch - Chicago,179,medium,Offer 9 inch Paper Plates Case from Mock Distribution Branch - Chicago as an alternative to Compostable Takeout Containers Case for Mock Distribution Branch - Dallas.,9 inch Paper Plates Case is available at Mock Distribution Branch - Chicago with 179 units in the same Foodservice Disposables category.,"low_stock_product=Compostable Takeout Containers Case, low_stock_store=Mock Distribution Branch - Dallas, alternative_product=9 inch Paper Plates Case, alternative_store=Mock Distribution Branch - Chicago, category=Foodservice Disposables, available_quantity=179, is_exclusive=False",,,,,,,,,,,,transfer_agent,pending
REC00075,alternative_option,201,55 Gallon Industrial Trash Bags Case,3,Mock Distribution Branch - Irving,204,Hardwound Paper Towels Case,3,Mock Distribution Branch - Irving,159,medium,Offer Hardwound Paper Towels Case from Mock Distribution Branch - Irving as an alternative to 55 Gallon Industrial Trash Bags Case for Mock Distribution Branch - Irving.,Hardwound Paper Towels Case is available at Mock Distribution Branch - Irving with 159 units in the same Janitorial Supplies category.,"low_stock_product=55 Gallon Industrial Trash Bags Case, low_stock_store=Mock Distribution Branch - Irving, alternative_product=Hardwound Paper Towels Case, alternative_store=Mock Distribution Branch - Irving, category=Janitorial Supplies, available_quantity=159, is_exclusive=False",,,,,,,,,,,,transfer_agent,pending
REC00076,alternative_option,201,55 Gallon Industrial Trash Bags Case,1,Mock Distribution Branch - Dallas,204,Hardwound Paper Towels Case,3,Mock Distribution Branch - Irving,159,medium,Offer Hardwound Paper Towels Case from Mock Distribution Branch - Irving as an alternative to 55 Gallon Industrial Trash Bags Case for Mock Distribution Branch - Dallas.,Hardwound Paper Towels Case is available at Mock Distribution Branch - Irving with 159 units in the same Janitorial Supplies category.,"low_stock_product=55 Gallon Industrial Trash Bags Case, low_stock_store=Mock Distribution Branch - Dallas, alternative_product=Hardwound Paper Towels Case, alternative_store=Mock Distribution Branch - Irving, category=Janitorial Supplies, available_quantity=159, is_exclusive=False",,,,,,,,,,,,transfer_agent,pending
REC00077,alternative_option,201,55 Gallon Industrial Trash Bags Case,3,Mock Distribution Branch - Irving,202,Multi-Surface Cleaner Gallon Case,5,Mock Distribution Branch - Chicago,158,medium,Offer Multi-Surface Cleaner Gallon Case from Mock Distribution Branch - Chicago as an alternative to 55 Gallon Industrial Trash Bags Case for Mock Distribution Branch - Irving.,Multi-Surface Cleaner Gallon Case is available at Mock Distribution Branch - Chicago with 158 units in the same Janitorial Supplies category.,"low_stock_product=55 Gallon Industrial Trash Bags Case, low_stock_store=Mock Distribution Branch - Irving, alternative_product=Multi-Surface Cleaner Gallon Case, alternative_store=Mock Distribution Branch - Chicago, category=Janitorial Supplies, available_quantity=158, is_exclusive=False",,,,,,,,,,,,transfer_agent,pending
REC00078,alternative_option,201,55 Gallon Industrial Trash Bags Case,1,Mock Distribution Branch - Dallas,202,Multi-Surface Cleaner Gallon Case,5,Mock Distribution Branch - Chicago,158,medium,Offer Multi-Surface Cleaner Gallon Case from Mock Distribution Branch - Chicago as an alternative to 55 Gallon Industrial Trash Bags Case for Mock Distribution Branch - Dallas.,Multi-Surface Cleaner Gallon Case is available at Mock Distribution Branch - Chicago with 158 units in the same Janitorial Supplies category.,"low_stock_product=55 Gallon Industrial Trash Bags Case, low_stock_store=Mock Distribution Branch - Dallas, alternative_product=Multi-Surface Cleaner Gallon Case, alternative_store=Mock Distribution Branch - Chicago, category=Janitorial Supplies, available_quantity=158, is_exclusive=False",,,,,,,,,,,,transfer_agent,pending
REC00079,alternative_option,204,Hardwound Paper Towels Case,4,Mock Distribution Branch - Eden Prairie,202,Multi-Surface Cleaner Gallon Case,5,Mock Distribution Branch - Chicago,158,medium,Offer Multi-Surface Cleaner Gallon Case from Mock Distribution Branch - Chicago as an alternative to Hardwound Paper Towels Case for Mock Distribution Branch - Eden Prairie.,Multi-Surface Cleaner Gallon Case is available at Mock Distribution Branch - Chicago with 158 units in the same Janitorial Supplies category.,"low_stock_product=Hardwound Paper Towels Case, low_stock_store=Mock Distribution Branch - Eden Prairie, alternative_product=Multi-Surface Cleaner Gallon Case, alternative_store=Mock Distribution Branch - Chicago, category=Janitorial Supplies, available_quantity=158, is_exclusive=False",,,,,,,,,,,,transfer_agent,pending
REC00080,alternative_option,201,55 Gallon Industrial Trash Bags Case,3,Mock Distribution Branch - Irving,203,Disinfectant Wipes Bucket,3,Mock Distribution Branch - Irving,153,medium,Offer Disinfectant Wipes Bucket from Mock Distribution Branch - Irving as an alternative to 55 Gallon Industrial Trash Bags Case for Mock Distribution Branch - Irving.,Disinfectant Wipes Bucket is available at Mock Distribution Branch - Irving with 153 units in the same Janitorial Supplies category.,"low_stock_product=55 Gallon Industrial Trash Bags Case, low_stock_store=Mock Distribution Branch - Irving, alternative_product=Disinfectant Wipes Bucket, alternative_store=Mock Distribution Branch - Irving, category=Janitorial Supplies, available_quantity=153, is_exclusive=False",,,,,,,,,,,,transfer_agent,pending
REC00081,alternative_option,201,55 Gallon Industrial Trash Bags Case,1,Mock Distribution Branch - Dallas,203,Disinfectant Wipes Bucket,3,Mock Distribution Branch - Irving,153,medium,Offer Disinfectant Wipes Bucket from Mock Distribution Branch - Irving as an alternative to 55 Gallon Industrial Trash Bags Case for Mock Distribution Branch - Dallas.,Disinfectant Wipes Bucket is available at Mock Distribution Branch - Irving with 153 units in the same Janitorial Supplies category.,"low_stock_product=55 Gallon Industrial Trash Bags Case, low_stock_store=Mock Distribution Branch - Dallas, alternative_product=Disinfectant Wipes Bucket, alternative_store=Mock Distribution Branch - Irving, category=Janitorial Supplies, available_quantity=153, is_exclusive=False",,,,,,,,,,,,transfer_agent,pending
REC00082,alternative_option,204,Hardwound Paper Towels Case,4,Mock Distribution Branch - Eden Prairie,203,Disinfectant Wipes Bucket,3,Mock Distribution Branch - Irving,153,medium,Offer Disinfectant Wipes Bucket from Mock Distribution Branch - Irving as an alternative to Hardwound Paper Towels Case for Mock Distribution Branch - Eden Prairie.,Disinfectant Wipes Bucket is available at Mock Distribution Branch - Irving with 153 units in the same Janitorial Supplies category.,"low_stock_product=Hardwound Paper Towels Case, low_stock_store=Mock Distribution Branch - Eden Prairie, alternative_product=Disinfectant Wipes Bucket, alternative_store=Mock Distribution Branch - Irving, category=Janitorial Supplies, available_quantity=153, is_exclusive=False",,,,,,,,,,,,transfer_agent,pending
REC00083,alternative_option,204,Hardwound Paper Towels Case,4,Mock Distribution Branch - Eden Prairie,201,55 Gallon Industrial Trash Bags Case,5,Mock Distribution Branch - Chicago,150,medium,Offer 55 Gallon Industrial Trash Bags Case from Mock Distribution Branch - Chicago as an alternative to Hardwound Paper Towels Case for Mock Distribution Branch - Eden Prairie.,55 Gallon Industrial Trash Bags Case is available at Mock Distribution Branch - Chicago with 150 units in the same Janitorial Supplies category.,"low_stock_product=Hardwound Paper Towels Case, low_stock_store=Mock Distribution Branch - Eden Prairie, alternative_product=55 Gallon Industrial Trash Bags Case, alternative_store=Mock Distribution Branch - Chicago, category=Janitorial Supplies, available_quantity=150, is_exclusive=False",,,,,,,,,,,,transfer_agent,pending
REC00084,alternative_option,301,Nitrile Gloves Medium Case,1,Mock Distribution Branch - Dallas,304,High Visibility Safety Vest Pack,1,Mock Distribution Branch - Dallas,105,medium,Offer High Visibility Safety Vest Pack from Mock Distribution Branch - Dallas as an alternative to Nitrile Gloves Medium Case for Mock Distribution Branch - Dallas.,High Visibility Safety Vest Pack is available at Mock Distribution Branch - Dallas with 105 units in the same Safety and PPE category.,"low_stock_product=Nitrile Gloves Medium Case, low_stock_store=Mock Distribution Branch - Dallas, alternative_product=High Visibility Safety Vest Pack, alternative_store=Mock Distribution Branch - Dallas, category=Safety and PPE, available_quantity=105, is_exclusive=False",,,,,,,,,,,,transfer_agent,pending
REC00085,alternative_option,303,Disposable Face Masks Case,3,Mock Distribution Branch - Irving,304,High Visibility Safety Vest Pack,1,Mock Distribution Branch - Dallas,105,medium,Offer High Visibility Safety Vest Pack from Mock Distribution Branch - Dallas as an alternative to Disposable Face Masks Case for Mock Distribution Branch - Irving.,High Visibility Safety Vest Pack is available at Mock Distribution Branch - Dallas with 105 units in the same Safety and PPE category.,"low_stock_product=Disposable Face Masks Case, low_stock_store=Mock Distribution Branch - Irving, alternative_product=High Visibility Safety Vest Pack, alternative_store=Mock Distribution Branch - Dallas, category=Safety and PPE, available_quantity=105, is_exclusive=False",,,,,,,,,,,,transfer_agent,pending
REC00086,alternative_option,302,Safety Glasses Pack,3,Mock Distribution Branch - Irving,304,High Visibility Safety Vest Pack,1,Mock Distribution Branch - Dallas,105,medium,Offer High Visibility Safety Vest Pack from Mock Distribution Branch - Dallas as an alternative to Safety Glasses Pack for Mock Distribution Branch - Irving.,High Visibility Safety Vest Pack is available at Mock Distribution Branch - Dallas with 105 units in the same Safety and PPE category.,"low_stock_product=Safety Glasses Pack, low_stock_store=Mock Distribution Branch - Irving, alternative_product=High Visibility Safety Vest Pack, alternative_store=Mock Distribution Branch - Dallas, category=Safety and PPE, available_quantity=105, is_exclusive=False",,,,,,,,,,,,transfer_agent,pending
REC00087,alternative_option,302,Safety Glasses Pack,5,Mock Distribution Branch - Chicago,304,High Visibility Safety Vest Pack,1,Mock Distribution Branch - Dallas,105,medium,Offer High Visibility Safety Vest Pack from Mock Distribution Branch - Dallas as an alternative to Safety Glasses Pack for Mock Distribution Branch - Chicago.,High Visibility Safety Vest Pack is available at Mock Distribution Branch - Dallas with 105 units in the same Safety and PPE category.,"low_stock_product=Safety Glasses Pack, low_stock_store=Mock Distribution Branch - Chicago, alternative_product=High Visibility Safety Vest Pack, alternative_store=Mock Distribution Branch - Dallas, category=Safety and PPE, available_quantity=105, is_exclusive=False",,,,,,,,,,,,transfer_agent,pending
REC00088,alternative_option,302,Safety Glasses Pack,1,Mock Distribution Branch - Dallas,304,High Visibility Safety Vest Pack,1,Mock Distribution Branch - Dallas,105,medium,Offer High Visibility Safety Vest Pack from Mock Distribution Branch - Dallas as an alternative to Safety Glasses Pack for Mock Distribution Branch - Dallas.,High Visibility Safety Vest Pack is available at Mock Distribution Branch - Dallas with 105 units in the same Safety and PPE category.,"low_stock_product=Safety Glasses Pack, low_stock_store=Mock Distribution Branch - Dallas, alternative_product=High Visibility Safety Vest Pack, alternative_store=Mock Distribution Branch - Dallas, category=Safety and PPE, available_quantity=105, is_exclusive=False",,,,,,,,,,,,transfer_agent,pending
REC00089,alternative_option,303,Disposable Face Masks Case,3,Mock Distribution Branch - Irving,301,Nitrile Gloves Medium Case,4,Mock Distribution Branch - Eden Prairie,104,medium,Offer Nitrile Gloves Medium Case from Mock Distribution Branch - Eden Prairie as an alternative to Disposable Face Masks Case for Mock Distribution Branch - Irving.,Nitrile Gloves Medium Case is available at Mock Distribution Branch - Eden Prairie with 104 units in the same Safety and PPE category.,"low_stock_product=Disposable Face Masks Case, low_stock_store=Mock Distribution Branch - Irving, alternative_product=Nitrile Gloves Medium Case, alternative_store=Mock Distribution Branch - Eden Prairie, category=Safety and PPE, available_quantity=104, is_exclusive=False",,,,,,,,,,,,transfer_agent,pending
REC00090,alternative_option,302,Safety Glasses Pack,3,Mock Distribution Branch - Irving,301,Nitrile Gloves Medium Case,4,Mock Distribution Branch - Eden Prairie,104,medium,Offer Nitrile Gloves Medium Case from Mock Distribution Branch - Eden Prairie as an alternative to Safety Glasses Pack for Mock Distribution Branch - Irving.,Nitrile Gloves Medium Case is available at Mock Distribution Branch - Eden Prairie with 104 units in the same Safety and PPE category.,"low_stock_product=Safety Glasses Pack, low_stock_store=Mock Distribution Branch - Irving, alternative_product=Nitrile Gloves Medium Case, alternative_store=Mock Distribution Branch - Eden Prairie, category=Safety and PPE, available_quantity=104, is_exclusive=False",,,,,,,,,,,,transfer_agent,pending
REC00091,alternative_option,302,Safety Glasses Pack,5,Mock Distribution Branch - Chicago,301,Nitrile Gloves Medium Case,4,Mock Distribution Branch - Eden Prairie,104,medium,Offer Nitrile Gloves Medium Case from Mock Distribution Branch - Eden Prairie as an alternative to Safety Glasses Pack for Mock Distribution Branch - Chicago.,Nitrile Gloves Medium Case is available at Mock Distribution Branch - Eden Prairie with 104 units in the same Safety and PPE category.,"low_stock_product=Safety Glasses Pack, low_stock_store=Mock Distribution Branch - Chicago, alternative_product=Nitrile Gloves Medium Case, alternative_store=Mock Distribution Branch - Eden Prairie, category=Safety and PPE, available_quantity=104, is_exclusive=False",,,,,,,,,,,,transfer_agent,pending
REC00092,alternative_option,302,Safety Glasses Pack,1,Mock Distribution Branch - Dallas,301,Nitrile Gloves Medium Case,4,Mock Distribution Branch - Eden Prairie,104,medium,Offer Nitrile Gloves Medium Case from Mock Distribution Branch - Eden Prairie as an alternative to Safety Glasses Pack for Mock Distribution Branch - Dallas.,Nitrile Gloves Medium Case is available at Mock Distribution Branch - Eden Prairie with 104 units in the same Safety and PPE category.,"low_stock_product=Safety Glasses Pack, low_stock_store=Mock Distribution Branch - Dallas, alternative_product=Nitrile Gloves Medium Case, alternative_store=Mock Distribution Branch - Eden Prairie, category=Safety and PPE, available_quantity=104, is_exclusive=False",,,,,,,,,,,,transfer_agent,pending
REC00093,alternative_option,301,Nitrile Gloves Medium Case,1,Mock Distribution Branch - Dallas,303,Disposable Face Masks Case,4,Mock Distribution Branch - Eden Prairie,75,medium,Offer Disposable Face Masks Case from Mock Distribution Branch - Eden Prairie as an alternative to Nitrile Gloves Medium Case for Mock Distribution Branch - Dallas.,Disposable Face Masks Case is available at Mock Distribution Branch - Eden Prairie with 75 units in the same Safety and PPE category.,"low_stock_product=Nitrile Gloves Medium Case, low_stock_store=Mock Distribution Branch - Dallas, alternative_product=Disposable Face Masks Case, alternative_store=Mock Distribution Branch - Eden Prairie, category=Safety and PPE, available_quantity=75, is_exclusive=False",,,,,,,,,,,,transfer_agent,pending
REC00094,alternative_option,302,Safety Glasses Pack,3,Mock Distribution Branch - Irving,303,Disposable Face Masks Case,4,Mock Distribution Branch - Eden Prairie,75,medium,Offer Disposable Face Masks Case from Mock Distribution Branch - Eden Prairie as an alternative to Safety Glasses Pack for Mock Distribution Branch - Irving.,Disposable Face Masks Case is available at Mock Distribution Branch - Eden Prairie with 75 units in the same Safety and PPE category.,"low_stock_product=Safety Glasses Pack, low_stock_store=Mock Distribution Branch - Irving, alternative_product=Disposable Face Masks Case, alternative_store=Mock Distribution Branch - Eden Prairie, category=Safety and PPE, available_quantity=75, is_exclusive=False",,,,,,,,,,,,transfer_agent,pending
REC00095,alternative_option,302,Safety Glasses Pack,5,Mock Distribution Branch - Chicago,303,Disposable Face Masks Case,4,Mock Distribution Branch - Eden Prairie,75,medium,Offer Disposable Face Masks Case from Mock Distribution Branch - Eden Prairie as an alternative to Safety Glasses Pack for Mock Distribution Branch - Chicago.,Disposable Face Masks Case is available at Mock Distribution Branch - Eden Prairie with 75 units in the same Safety and PPE category.,"low_stock_product=Safety Glasses Pack, low_stock_store=Mock Distribution Branch - Chicago, alternative_product=Disposable Face Masks Case, alternative_store=Mock Distribution Branch - Eden Prairie, category=Safety and PPE, available_quantity=75, is_exclusive=False",,,,,,,,,,,,transfer_agent,pending
REC00096,alternative_option,302,Safety Glasses Pack,1,Mock Distribution Branch - Dallas,303,Disposable Face Masks Case,4,Mock Distribution Branch - Eden Prairie,75,medium,Offer Disposable Face Masks Case from Mock Distribution Branch - Eden Prairie as an alternative to Safety Glasses Pack for Mock Distribution Branch - Dallas.,Disposable Face Masks Case is available at Mock Distribution Branch - Eden Prairie with 75 units in the same Safety and PPE category.,"low_stock_product=Safety Glasses Pack, low_stock_store=Mock Distribution Branch - Dallas, alternative_product=Disposable Face Masks Case, alternative_store=Mock Distribution Branch - Eden Prairie, category=Safety and PPE, available_quantity=75, is_exclusive=False",,,,,,,,,,,,transfer_agent,pending
REC00097,alternative_option,301,Nitrile Gloves Medium Case,1,Mock Distribution Branch - Dallas,302,Safety Glasses Pack,2,Mock Distribution Branch - Plano,62,medium,Offer Safety Glasses Pack from Mock Distribution Branch - Plano as an alternative to Nitrile Gloves Medium Case for Mock Distribution Branch - Dallas.,Safety Glasses Pack is available at Mock Distribution Branch - Plano with 62 units in the same Safety and PPE category.,"low_stock_product=Nitrile Gloves Medium Case, low_stock_store=Mock Distribution Branch - Dallas, alternative_product=Safety Glasses Pack, alternative_store=Mock Distribution Branch - Plano, category=Safety and PPE, available_quantity=62, is_exclusive=False",,,,,,,,,,,,transfer_agent,pending
REC00098,alternative_option,303,Disposable Face Masks Case,3,Mock Distribution Branch - Irving,302,Safety Glasses Pack,2,Mock Distribution Branch - Plano,62,medium,Offer Safety Glasses Pack from Mock Distribution Branch - Plano as an alternative to Disposable Face Masks Case for Mock Distribution Branch - Irving.,Safety Glasses Pack is available at Mock Distribution Branch - Plano with 62 units in the same Safety and PPE category.,"low_stock_product=Disposable Face Masks Case, low_stock_store=Mock Distribution Branch - Irving, alternative_product=Safety Glasses Pack, alternative_store=Mock Distribution Branch - Plano, category=Safety and PPE, available_quantity=62, is_exclusive=False",,,,,,,,,,,,transfer_agent,pending
REC00099,supplier_risk_alert,101,12 oz Paper Hot Cups Case,,,,,,,,medium,Review supplier performance before placing the next replenishment order.,Supplier reliability or delivery time crosses the configured risk threshold.,"supplier_id=2, supplier_name=Premier Distribution, reliability_score=0.91, avg_delivery_days=5.0",,,,,,,,,,,,risk_agent,pending
REC00100,supplier_risk_alert,103,9 inch Paper Plates Case,,,,,,,,high,Review supplier performance before placing the next replenishment order.,Supplier reliability or delivery time crosses the configured risk threshold.,"supplier_id=4, supplier_name=National Wholesale, reliability_score=0.87, avg_delivery_days=6.0",,,,,,,,,,,,risk_agent,pending
REC00101,supplier_risk_alert,104,Compostable Takeout Containers Case,,,,,,,,medium,Review supplier performance before placing the next replenishment order.,Supplier reliability or delivery time crosses the configured risk threshold.,"supplier_id=5, supplier_name=Metro Supply Hub, reliability_score=0.93, avg_delivery_days=4.0",,,,,,,,,,,,risk_agent,pending
REC00102,supplier_risk_alert,201,55 Gallon Industrial Trash Bags Case,,,,,,,,medium,Review supplier performance before placing the next replenishment order.,Supplier reliability or delivery time crosses the configured risk threshold.,"supplier_id=2, supplier_name=Premier Distribution, reliability_score=0.91, avg_delivery_days=5.0",,,,,,,,,,,,risk_agent,pending
REC00103,supplier_risk_alert,203,Disinfectant Wipes Bucket,,,,,,,,high,Review supplier performance before placing the next replenishment order.,Supplier reliability or delivery time crosses the configured risk threshold.,"supplier_id=4, supplier_name=National Wholesale, reliability_score=0.87, avg_delivery_days=6.0",,,,,,,,,,,,risk_agent,pending
REC00104,supplier_risk_alert,204,Hardwound Paper Towels Case,,,,,,,,medium,Review supplier performance before placing the next replenishment order.,Supplier reliability or delivery time crosses the configured risk threshold.,"supplier_id=5, supplier_name=Metro Supply Hub, reliability_score=0.93, avg_delivery_days=4.0",,,,,,,,,,,,risk_agent,pending
REC00105,supplier_risk_alert,301,Nitrile Gloves Medium Case,,,,,,,,medium,Review supplier performance before placing the next replenishment order.,Supplier reliability or delivery time crosses the configured risk threshold.,"supplier_id=2, supplier_name=Premier Distribution, reliability_score=0.91, avg_delivery_days=5.0",,,,,,,,,,,,risk_agent,pending
REC00106,supplier_risk_alert,303,Disposable Face Masks Case,,,,,,,,high,Review supplier performance before placing the next replenishment order.,Supplier reliability or delivery time crosses the configured risk threshold.,"supplier_id=4, supplier_name=National Wholesale, reliability_score=0.87, avg_delivery_days=6.0",,,,,,,,,,,,risk_agent,pending
REC00107,supplier_risk_alert,304,High Visibility Safety Vest Pack,,,,,,,,medium,Review supplier performance before placing the next replenishment order.,Supplier reliability or delivery time crosses the configured risk threshold.,"supplier_id=5, supplier_name=Metro Supply Hub, reliability_score=0.93, avg_delivery_days=4.0",,,,,,,,,,,,risk_agent,pending
REC00108,supplier_risk_alert,401,Bottled Water 24 Pack Case,,,,,,,,medium,Review supplier performance before placing the next replenishment order.,Supplier reliability or delivery time crosses the configured risk threshold.,"supplier_id=2, supplier_name=Premier Distribution, reliability_score=0.91, avg_delivery_days=5.0",,,,,,,,,,,,risk_agent,pending
REC00109,supplier_risk_alert,403,Copy Paper Case,,,,,,,,high,Review supplier performance before placing the next replenishment order.,Supplier reliability or delivery time crosses the configured risk threshold.,"supplier_id=4, supplier_name=National Wholesale, reliability_score=0.87, avg_delivery_days=6.0",,,,,,,,,,,,risk_agent,pending
REC00110,supplier_risk_alert,404,Pallet Stretch Film Case,,,,,,,,medium,Review supplier performance before placing the next replenishment order.,Supplier reliability or delivery time crosses the configured risk threshold.,"supplier_id=5, supplier_name=Metro Supply Hub, reliability_score=0.93, avg_delivery_days=4.0",,,,,,,,,,,,risk_agent,pending
REC00111,overstock_alert,101,12 oz Paper Hot Cups Case,1,,,,,,,medium,Review replenishment and sell-through plan for this stock.,stock is high compared with reorder point or sales velocity,"stock=150, reorder_threshold=40, days_of_stock=5.83",,,,,,,,,,,,risk_agent,pending
REC00112,overstock_alert,102,16 oz Clear Cold Cups Case,1,,,,,,,medium,Review replenishment and sell-through plan for this stock.,stock is high compared with reorder point or sales velocity,"stock=64, reorder_threshold=40, days_of_stock=448.0",,,,,,,,,,,,risk_agent,pending
REC00113,overstock_alert,203,Disinfectant Wipes Bucket,1,,,,,,,medium,Review replenishment and sell-through plan for this stock.,stock is high compared with reorder point or sales velocity,"stock=110, reorder_threshold=30, days_of_stock=0.0",,,,,,,,,,,,risk_agent,pending
REC00114,overstock_alert,304,High Visibility Safety Vest Pack,1,,,,,,,medium,Review replenishment and sell-through plan for this stock.,stock is high compared with reorder point or sales velocity,"stock=105, reorder_threshold=25, days_of_stock=0.0",,,,,,,,,,,,risk_agent,pending
REC00115,overstock_alert,101,12 oz Paper Hot Cups Case,2,,,,,,,medium,Review replenishment and sell-through plan for this stock.,stock is high compared with reorder point or sales velocity,"stock=222, reorder_threshold=40, days_of_stock=9.96",,,,,,,,,,,,risk_agent,pending
REC00116,overstock_alert,102,16 oz Clear Cold Cups Case,2,,,,,,,medium,Review replenishment and sell-through plan for this stock.,stock is high compared with reorder point or sales velocity,"stock=200, reorder_threshold=40, days_of_stock=0.0",,,,,,,,,,,,risk_agent,pending
REC00117,overstock_alert,103,9 inch Paper Plates Case,2,,,,,,,medium,Review replenishment and sell-through plan for this stock.,stock is high compared with reorder point or sales velocity,"stock=173, reorder_threshold=40, days_of_stock=0.0",,,,,,,,,,,,risk_agent,pending
REC00118,overstock_alert,301,Nitrile Gloves Medium Case,2,,,,,,,medium,Review replenishment and sell-through plan for this stock.,stock is high compared with reorder point or sales velocity,"stock=75, reorder_threshold=25, days_of_stock=9.21",,,,,,,,,,,,risk_agent,pending
REC00119,overstock_alert,304,High Visibility Safety Vest Pack,2,,,,,,,medium,Review replenishment and sell-through plan for this stock.,stock is high compared with reorder point or sales velocity,"stock=77, reorder_threshold=25, days_of_stock=0.0",,,,,,,,,,,,risk_agent,pending
REC00120,overstock_alert,101,12 oz Paper Hot Cups Case,3,,,,,,,medium,Review replenishment and sell-through plan for this stock.,stock is high compared with reorder point or sales velocity,"stock=196, reorder_threshold=40, days_of_stock=9.33",,,,,,,,,,,,risk_agent,pending
REC00121,overstock_alert,203,Disinfectant Wipes Bucket,3,,,,,,,medium,Review replenishment and sell-through plan for this stock.,stock is high compared with reorder point or sales velocity,"stock=153, reorder_threshold=30, days_of_stock=0.0",,,,,,,,,,,,risk_agent,pending
REC00122,overstock_alert,204,Hardwound Paper Towels Case,3,,,,,,,medium,Review replenishment and sell-through plan for this stock.,stock is high compared with reorder point or sales velocity,"stock=159, reorder_threshold=30, days_of_stock=0.0",,,,,,,,,,,,risk_agent,pending
REC00123,overstock_alert,301,Nitrile Gloves Medium Case,3,,,,,,,medium,Review replenishment and sell-through plan for this stock.,stock is high compared with reorder point or sales velocity,"stock=103, reorder_threshold=25, days_of_stock=14.14",,,,,,,,,,,,risk_agent,pending
REC00124,overstock_alert,402,Coffee Pods Box,3,,,,,,,medium,Review replenishment and sell-through plan for this stock.,stock is high compared with reorder point or sales velocity,"stock=143, reorder_threshold=35, days_of_stock=0.0",,,,,,,,,,,,risk_agent,pending
REC00125,overstock_alert,101,12 oz Paper Hot Cups Case,4,,,,,,,medium,Review replenishment and sell-through plan for this stock.,stock is high compared with reorder point or sales velocity,"stock=219, reorder_threshold=40, days_of_stock=12.46",,,,,,,,,,,,risk_agent,pending
REC00126,overstock_alert,102,16 oz Clear Cold Cups Case,4,,,,,,,medium,Review replenishment and sell-through plan for this stock.,stock is high compared with reorder point or sales velocity,"stock=153, reorder_threshold=40, days_of_stock=0.0",,,,,,,,,,,,risk_agent,pending
REC00127,overstock_alert,104,Compostable Takeout Containers Case,4,,,,,,,medium,Review replenishment and sell-through plan for this stock.,stock is high compared with reorder point or sales velocity,"stock=205, reorder_threshold=40, days_of_stock=25.18",,,,,,,,,,,,risk_agent,pending
REC00128,overstock_alert,201,55 Gallon Industrial Trash Bags Case,4,,,,,,,medium,Review replenishment and sell-through plan for this stock.,stock is high compared with reorder point or sales velocity,"stock=98, reorder_threshold=30, days_of_stock=10.89",,,,,,,,,,,,risk_agent,pending
REC00129,overstock_alert,202,Multi-Surface Cleaner Gallon Case,4,,,,,,,medium,Review replenishment and sell-through plan for this stock.,stock is high compared with reorder point or sales velocity,"stock=97, reorder_threshold=30, days_of_stock=0.0",,,,,,,,,,,,risk_agent,pending
REC00130,overstock_alert,203,Disinfectant Wipes Bucket,4,,,,,,,medium,Review replenishment and sell-through plan for this stock.,stock is high compared with reorder point or sales velocity,"stock=104, reorder_threshold=30, days_of_stock=0.0",,,,,,,,,,,,risk_agent,pending
REC00131,overstock_alert,301,Nitrile Gloves Medium Case,4,,,,,,,medium,Review replenishment and sell-through plan for this stock.,stock is high compared with reorder point or sales velocity,"stock=104, reorder_threshold=25, days_of_stock=18.67",,,,,,,,,,,,risk_agent,pending
REC00132,overstock_alert,303,Disposable Face Masks Case,4,,,,,,,medium,Review replenishment and sell-through plan for this stock.,stock is high compared with reorder point or sales velocity,"stock=75, reorder_threshold=25, days_of_stock=0.0",,,,,,,,,,,,risk_agent,pending
REC00133,overstock_alert,401,Bottled Water 24 Pack Case,4,,,,,,,medium,Review replenishment and sell-through plan for this stock.,stock is high compared with reorder point or sales velocity,"stock=133, reorder_threshold=35, days_of_stock=0.0",,,,,,,,,,,,risk_agent,pending
REC00134,overstock_alert,101,12 oz Paper Hot Cups Case,5,,,,,,,medium,Review replenishment and sell-through plan for this stock.,stock is high compared with reorder point or sales velocity,"stock=127, reorder_threshold=40, days_of_stock=4.99",,,,,,,,,,,,risk_agent,pending
REC00135,overstock_alert,102,16 oz Clear Cold Cups Case,5,,,,,,,medium,Review replenishment and sell-through plan for this stock.,stock is high compared with reorder point or sales velocity,"stock=176, reorder_threshold=40, days_of_stock=0.0",,,,,,,,,,,,risk_agent,pending
REC00136,overstock_alert,103,9 inch Paper Plates Case,5,,,,,,,medium,Review replenishment and sell-through plan for this stock.,stock is high compared with reorder point or sales velocity,"stock=179, reorder_threshold=40, days_of_stock=0.0",,,,,,,,,,,,risk_agent,pending
REC00137,overstock_alert,201,55 Gallon Industrial Trash Bags Case,5,,,,,,,medium,Review replenishment and sell-through plan for this stock.,stock is high compared with reorder point or sales velocity,"stock=150, reorder_threshold=30, days_of_stock=10.5",,,,,,,,,,,,risk_agent,pending
REC00138,overstock_alert,202,Multi-Surface Cleaner Gallon Case,5,,,,,,,medium,Review replenishment and sell-through plan for this stock.,stock is high compared with reorder point or sales velocity,"stock=158, reorder_threshold=30, days_of_stock=0.0",,,,,,,,,,,,risk_agent,pending
REC00139,overstock_alert,203,Disinfectant Wipes Bucket,5,,,,,,,medium,Review replenishment and sell-through plan for this stock.,stock is high compared with reorder point or sales velocity,"stock=90, reorder_threshold=30, days_of_stock=0.0",,,,,,,,,,,,risk_agent,pending
REC00140,overstock_alert,204,Hardwound Paper Towels Case,5,,,,,,,medium,Review replenishment and sell-through plan for this stock.,stock is high compared with reorder point or sales velocity,"stock=103, reorder_threshold=30, days_of_stock=0.0",,,,,,,,,,,,risk_agent,pending
REC00141,overstock_alert,301,Nitrile Gloves Medium Case,5,,,,,,,medium,Review replenishment and sell-through plan for this stock.,stock is high compared with reorder point or sales velocity,"stock=99, reorder_threshold=25, days_of_stock=12.16",,,,,,,,,,,,risk_agent,pending
REC00142,overstock_alert,401,Bottled Water 24 Pack Case,5,,,,,,,medium,Review replenishment and sell-through plan for this stock.,stock is high compared with reorder point or sales velocity,"stock=141, reorder_threshold=35, days_of_stock=0.0",,,,,,,,,,,,risk_agent,pending
REC00143,overstock_alert,402,Coffee Pods Box,5,,,,,,,medium,Review replenishment and sell-through plan for this stock.,stock is high compared with reorder point or sales velocity,"stock=133, reorder_threshold=35, days_of_stock=0.0",,,,,,,,,,,,risk_agent,pending
REC00144,overstock_alert,403,Copy Paper Case,5,,,,,,,medium,Review replenishment and sell-through plan for this stock.,stock is high compared with reorder point or sales velocity,"stock=500, reorder_threshold=20, days_of_stock=0.0",,,,,,,,,,,,risk_agent,pending
REC00145,overstock_alert,404,Pallet Stretch Film Case,5,,,,,,,medium,Review replenishment and sell-through plan for this stock.,stock is high compared with reorder point or sales velocity,"stock=120, reorder_threshold=25, days_of_stock=4.1",,,,,,,,,,,,risk_agent,pending
REC00146,stockout_prevention_alert,101,12 oz Paper Hot Cups Case,1,,,,,,,medium,Act before the predicted stockout window closes.,AI predicts current stock may not cover recent demand velocity.,"days_of_stock=5.83, recent_daily_velocity=25.71, risk_score=0.0, demand_trend=, confidence=, transfer_option=",,25.71,5.83,,0,,0.0,,,Inventory stable,,risk_agent,pending
REC00147,stockout_prevention_alert,104,Compostable Takeout Containers Case,1,,,,,,,medium,Act before the predicted stockout window closes.,Compostable Takeout Containers Case in Mock Distribution Branch - Dallas inventory needs monitoring with less than 10 days remaining. Mock Distribution Branch - Eden Prairie can support with 7 surplus units before procurement.,"days_of_stock=5.23, recent_daily_velocity=12.43, risk_score=28.0, demand_trend=Stable, confidence=High, transfer_option=Mock Distribution Branch - Eden Prairie",,10.29,6.32,Stable,28.0,High,54.0,Mock Distribution Branch - Eden Prairie,Recent demand velocity predicts Compostable Takeout Containers Case at Mock Distribution Branch - Dallas has less than 10 days remaining.,Less than 10 days remaining,Medium,risk_agent,pending
REC00148,stockout_prevention_alert,201,55 Gallon Industrial Trash Bags Case,1,,,,,,,medium,Act before the predicted stockout window closes.,55 Gallon Industrial Trash Bags Case in Mock Distribution Branch - Dallas inventory is at high risk and may deplete within 2–5 days based on recent demand patterns. Mock Distribution Branch - Chicago can support with 35 surplus units before procurement.,"days_of_stock=3.65, recent_daily_velocity=16.43, risk_score=37.0, demand_trend=Stable, confidence=High, transfer_option=Mock Distribution Branch - Chicago",,13.57,4.42,Stable,37.0,High,89.0,Mock Distribution Branch - Chicago,Recent demand velocity predicts 55 Gallon Industrial Trash Bags Case at Mock Distribution Branch - Dallas has 2–5 days remaining.,2–5 days remaining,High,risk_agent,pending
REC00149,stockout_prevention_alert,301,Nitrile Gloves Medium Case,1,,,,,,,high,Act before the predicted stockout window closes.,Nitrile Gloves Medium Case in Mock Distribution Branch - Dallas inventory is critically low and may run out within the next day based on recent demand patterns. Demand spike detected. Mock Distribution Branch - Eden Prairie can support with 72 surplus units before procurement.,"days_of_stock=0.09, recent_daily_velocity=42.57, risk_score=75.0, demand_trend=Demand Spike, confidence=Medium, transfer_option=Mock Distribution Branch - Eden Prairie",,41.29,0.1,Demand Spike,75.0,Medium,269.0,Mock Distribution Branch - Eden Prairie,Demand spike detected for Nitrile Gloves Medium Case at Mock Distribution Branch - Dallas; recent velocity is above historical demand.,Less than 1 day remaining,Critical,risk_agent,pending
REC00150,stockout_prevention_alert,404,Pallet Stretch Film Case,1,,,,,,,medium,Act before the predicted stockout window closes.,Pallet Stretch Film Case in Mock Distribution Branch - Dallas inventory needs monitoring with less than 10 days remaining. Mock Distribution Branch - Irving can support with 5 surplus units before procurement.,"days_of_stock=4.86, recent_daily_velocity=8.43, risk_score=29.0, demand_trend=Stable, confidence=High, transfer_option=Mock Distribution Branch - Irving",,6.57,6.24,Stable,29.0,High,35.0,Mock Distribution Branch - Irving,Recent demand velocity predicts Pallet Stretch Film Case at Mock Distribution Branch - Dallas has less than 10 days remaining.,Less than 10 days remaining,Medium,risk_agent,pending
REC00151,stockout_prevention_alert,104,Compostable Takeout Containers Case,2,,,,,,,high,Act before the predicted stockout window closes.,Compostable Takeout Containers Case in Mock Distribution Branch - Plano inventory is critically low and may run out within the next day based on recent demand patterns. Mock Distribution Branch - Eden Prairie can support with 53 surplus units before procurement.,"days_of_stock=0.56, recent_daily_velocity=10.71, risk_score=56.0, demand_trend=Stable, confidence=High, transfer_option=Mock Distribution Branch - Eden Prairie",,8.29,0.72,Stable,56.0,High,44.0,Mock Distribution Branch - Eden Prairie,Recent demand velocity predicts Compostable Takeout Containers Case at Mock Distribution Branch - Plano has less than 1 day remaining.,Less than 1 day remaining,Critical,risk_agent,pending
REC00152,stockout_prevention_alert,201,55 Gallon Industrial Trash Bags Case,2,,,,,,,medium,Act before the predicted stockout window closes.,AI predicts current stock may not cover recent demand velocity.,"days_of_stock=5.93, recent_daily_velocity=14.0, risk_score=0.0, demand_trend=, confidence=, transfer_option=",,14.0,5.93,,0,,0.0,,,Inventory stable,,risk_agent,pending
REC00153,stockout_prevention_alert,404,Pallet Stretch Film Case,3,,,,,,,medium,Act before the predicted stockout window closes.,AI predicts current stock may not cover recent demand velocity.,"days_of_stock=6.73, recent_daily_velocity=7.29, risk_score=0.0, demand_trend=, confidence=, transfer_option=",,7.29,6.73,,0,,0.0,,,Inventory stable,,risk_agent,pending
REC00154,stockout_prevention_alert,101,12 oz Paper Hot Cups Case,5,,,,,,,medium,Act before the predicted stockout window closes.,12 oz Paper Hot Cups Case in Mock Distribution Branch - Chicago inventory needs monitoring with less than 10 days remaining. Mock Distribution Branch - Eden Prairie can support with 16 surplus units before procurement.,"days_of_stock=4.99, recent_daily_velocity=25.43, risk_score=29.0, demand_trend=Stable, confidence=High, transfer_option=Mock Distribution Branch - Eden Prairie",,20.43,6.22,Stable,29.0,High,133.0,Mock Distribution Branch - Eden Prairie,Recent demand velocity predicts 12 oz Paper Hot Cups Case at Mock Distribution Branch - Chicago has less than 10 days remaining.,Less than 10 days remaining,Medium,risk_agent,pending
REC00155,stockout_prevention_alert,104,Compostable Takeout Containers Case,5,,,,,,,medium,Act before the predicted stockout window closes.,AI predicts current stock may not cover recent demand velocity.,"days_of_stock=6.63, recent_daily_velocity=10.71, risk_score=0.0, demand_trend=, confidence=, transfer_option=",,10.71,6.63,,0,,0.0,,,Inventory stable,,risk_agent,pending
REC00156,stockout_prevention_alert,404,Pallet Stretch Film Case,5,,,,,,,medium,Act before the predicted stockout window closes.,Pallet Stretch Film Case in Mock Distribution Branch - Chicago inventory is at high risk and may deplete within 2–5 days based on recent demand patterns. Demand spike detected. Mock Distribution Branch - Irving can support with 9 surplus units before procurement.,"days_of_stock=4.1, recent_daily_velocity=29.29, risk_score=52.0, demand_trend=Demand Spike, confidence=Medium, transfer_option=Mock Distribution Branch - Irving",,28.0,4.29,Demand Spike,52.0,Medium,146.0,Mock Distribution Branch - Irving,Demand spike detected for Pallet Stretch Film Case at Mock Distribution Branch - Chicago; recent velocity is above historical demand.,2–5 days remaining,High,risk_agent,pending
REC00157,reorder,404,Pallet Stretch Film Case,2,,,,,,,high,Reorder 34 units after checking transfer availability. Review supplier timing before placing the order.,Pallet Stretch Film Case in Mock Distribution Branch - Plano is high with rising. Mock Distribution Branch - Irving can support with 9 surplus units before procurement. Supplier risk may delay replenishment.,"stock=0, reorder_threshold=25, predicted_days_remaining=0.0, avg_daily_sales=6.43, risk_score=80.0, demand_trend=Rising, confidence=High, transfer_option=Mock Distribution Branch - Irving, supplier_name=Metro Supply Hub, reliability_score=0.93, avg_delivery_days=4.0",34,6.43,0.0,Rising,80.0,High,34.0,Mock Distribution Branch - Irving,Recent demand velocity predicts Pallet Stretch Film Case at Mock Distribution Branch - Plano has inventory stable.,Less than 1 day remaining,Critical,procurement_agent,pending
REC00158,reorder,201,55 Gallon Industrial Trash Bags Case,3,,,,,,,high,Reorder 64 units after checking transfer availability. Review supplier timing before placing the order.,55 Gallon Industrial Trash Bags Case in Mock Distribution Branch - Irving is high with stable. Mock Distribution Branch - Chicago can support with 68 surplus units before procurement. Supplier risk may delay replenishment.,"stock=0, reorder_threshold=30, predicted_days_remaining=0.0, avg_daily_sales=9.71, risk_score=80.0, demand_trend=Stable, confidence=High, transfer_option=Mock Distribution Branch - Chicago, supplier_name=Premier Distribution, reliability_score=0.91, avg_delivery_days=5.0",64,9.71,0.0,Stable,80.0,High,64.0,Mock Distribution Branch - Chicago,Recent demand velocity predicts 55 Gallon Industrial Trash Bags Case at Mock Distribution Branch - Irving has inventory stable.,Less than 1 day remaining,Critical,procurement_agent,pending
REC00159,reorder,404,Pallet Stretch Film Case,4,,,,,,,high,Reorder 29 units after checking transfer availability. Review supplier timing before placing the order.,Pallet Stretch Film Case in Mock Distribution Branch - Eden Prairie is high with rising. Mock Distribution Branch - Irving can support with 9 surplus units before procurement. Supplier risk may delay replenishment.,"stock=0, reorder_threshold=25, predicted_days_remaining=0.0, avg_daily_sales=5.57, risk_score=80.0, demand_trend=Rising, confidence=High, transfer_option=Mock Distribution Branch - Irving, supplier_name=Metro Supply Hub, reliability_score=0.93, avg_delivery_days=4.0",29,5.57,0.0,Rising,80.0,High,29.0,Mock Distribution Branch - Irving,Recent demand velocity predicts Pallet Stretch Film Case at Mock Distribution Branch - Eden Prairie has inventory stable.,Less than 1 day remaining,Critical,procurement_agent,pending
REC00160,reorder,301,Nitrile Gloves Medium Case,1,,,,,,,high,Reorder 269 units after checking transfer availability. Review supplier timing before placing the order.,Nitrile Gloves Medium Case in Mock Distribution Branch - Dallas inventory is critically low and may run out within the next day based on recent demand patterns. Demand spike detected. Mock Distribution Branch - Eden Prairie can support with 72 surplus units before procurement. Supplier risk may delay replenishment.,"stock=4, reorder_threshold=25, predicted_days_remaining=0.1, avg_daily_sales=41.29, risk_score=75.0, demand_trend=Demand Spike, confidence=Medium, transfer_option=Mock Distribution Branch - Eden Prairie, supplier_name=Premier Distribution, reliability_score=0.91, avg_delivery_days=5.0",269,41.29,0.1,Demand Spike,75.0,Medium,269.0,Mock Distribution Branch - Eden Prairie,Demand spike detected for Nitrile Gloves Medium Case at Mock Distribution Branch - Dallas; recent velocity is above historical demand.,Less than 1 day remaining,Critical,procurement_agent,pending
REC00161,reorder,104,Compostable Takeout Containers Case,2,,,,,,,high,Reorder 44 units after checking transfer availability. Review supplier timing before placing the order.,Compostable Takeout Containers Case in Mock Distribution Branch - Plano inventory is critically low and may run out within the next day based on recent demand patterns. Mock Distribution Branch - Eden Prairie can support with 53 surplus units before procurement. Supplier risk may delay replenishment.,"stock=6, reorder_threshold=40, predicted_days_remaining=0.72, avg_daily_sales=8.29, risk_score=56.0, demand_trend=Stable, confidence=High, transfer_option=Mock Distribution Branch - Eden Prairie, supplier_name=Metro Supply Hub, reliability_score=0.93, avg_delivery_days=4.0",44,8.29,0.72,Stable,56.0,High,44.0,Mock Distribution Branch - Eden Prairie,Recent demand velocity predicts Compostable Takeout Containers Case at Mock Distribution Branch - Plano has less than 1 day remaining.,Less than 1 day remaining,Critical,procurement_agent,pending
REC00162,reorder,404,Pallet Stretch Film Case,5,,,,,,,high,Reorder 146 units after checking transfer availability. Review supplier timing before placing the order.,Pallet Stretch Film Case in Mock Distribution Branch - Chicago inventory is at high risk and may deplete within 2–5 days based on recent demand patterns. Demand spike detected. Mock Distribution Branch - Irving can support with 9 surplus units before procurement. Supplier risk may delay replenishment.,"stock=120, reorder_threshold=25, predicted_days_remaining=4.29, avg_daily_sales=28.0, risk_score=52.0, demand_trend=Demand Spike, confidence=Medium, transfer_option=Mock Distribution Branch - Irving, supplier_name=Metro Supply Hub, reliability_score=0.93, avg_delivery_days=4.0",146,28.0,4.29,Demand Spike,52.0,Medium,146.0,Mock Distribution Branch - Irving,Demand spike detected for Pallet Stretch Film Case at Mock Distribution Branch - Chicago; recent velocity is above historical demand.,2–5 days remaining,High,procurement_agent,pending
REC00163,reorder,103,9 inch Paper Plates Case,1,,,,,,,high,Reorder 80 units after checking transfer availability. Review supplier timing before placing the order.,9 inch Paper Plates Case in Mock Distribution Branch - Dallas needs review because sales history is limited and stock is at or below its reorder point. Mock Distribution Branch - Chicago can support with 40 surplus units before procurement. Supplier risk may delay replenishment.,"stock=0, reorder_threshold=40, predicted_days_remaining=999.0, avg_daily_sales=0.0, risk_score=41.0, demand_trend=No sales data, confidence=Low, transfer_option=Mock Distribution Branch - Chicago, supplier_name=National Wholesale, reliability_score=0.87, avg_delivery_days=6.0",80,0.0,999.0,No sales data,41.0,Low,80.0,Mock Distribution Branch - Chicago,"No recent sales history is available, so 9 inch Paper Plates Case at Mock Distribution Branch - Dallas is flagged using the reorder threshold fallback.",Inventory stable,Healthy,procurement_agent,pending
REC00164,reorder,303,Disposable Face Masks Case,3,,,,,,,high,Reorder 50 units after checking transfer availability. Review supplier timing before placing the order.,Disposable Face Masks Case in Mock Distribution Branch - Irving needs review because sales history is limited and stock is at or below its reorder point. Mock Distribution Branch - Eden Prairie can support with 25 surplus units before procurement. Supplier risk may delay replenishment.,"stock=0, reorder_threshold=25, predicted_days_remaining=999.0, avg_daily_sales=0.0, risk_score=41.0, demand_trend=No sales data, confidence=Low, transfer_option=Mock Distribution Branch - Eden Prairie, supplier_name=National Wholesale, reliability_score=0.87, avg_delivery_days=6.0",50,0.0,999.0,No sales data,41.0,Low,50.0,Mock Distribution Branch - Eden Prairie,"No recent sales history is available, so Disposable Face Masks Case at Mock Distribution Branch - Irving is flagged using the reorder threshold fallback.",Inventory stable,Healthy,procurement_agent,pending
REC00165,reorder,403,Copy Paper Case,3,,,,,,,high,Reorder 40 units after checking transfer availability. Review supplier timing before placing the order.,Copy Paper Case in Mock Distribution Branch - Irving needs review because sales history is limited and stock is at or below its reorder point. Mock Distribution Branch - Chicago can support with 20 surplus units before procurement. Supplier risk may delay replenishment.,"stock=0, reorder_threshold=20, predicted_days_remaining=999.0, avg_daily_sales=0.0, risk_score=41.0, demand_trend=No sales data, confidence=Low, transfer_option=Mock Distribution Branch - Chicago, supplier_name=National Wholesale, reliability_score=0.87, avg_delivery_days=6.0",40,0.0,999.0,No sales data,41.0,Low,40.0,Mock Distribution Branch - Chicago,"No recent sales history is available, so Copy Paper Case at Mock Distribution Branch - Irving is flagged using the reorder threshold fallback.",Inventory stable,Healthy,procurement_agent,pending
REC00166,reorder,302,Safety Glasses Pack,3,,,,,,,high,Reorder 50 units after checking transfer availability.,Safety Glasses Pack in Mock Distribution Branch - Irving needs review because sales history is limited and stock is at or below its reorder point. Mock Distribution Branch - Plano can support with 25 surplus units before procurement.,"stock=0, reorder_threshold=25, predicted_days_remaining=999.0, avg_daily_sales=0.0, risk_score=39.0, demand_trend=No sales data, confidence=Low, transfer_option=Mock Distribution Branch - Plano, supplier_name=FastTrack Logistics, reliability_score=0.98, avg_delivery_days=2.0",50,0.0,999.0,No sales data,39.0,Low,50.0,Mock Distribution Branch - Plano,"No recent sales history is available, so Safety Glasses Pack at Mock Distribution Branch - Irving is flagged using the reorder threshold fallback.",Inventory stable,Healthy,procurement_agent,pending
REC00167,reorder,302,Safety Glasses Pack,5,,,,,,,high,Reorder 50 units after checking transfer availability.,Safety Glasses Pack in Mock Distribution Branch - Chicago needs review because sales history is limited and stock is at or below its reorder point. Mock Distribution Branch - Plano can support with 25 surplus units before procurement.,"stock=0, reorder_threshold=25, predicted_days_remaining=999.0, avg_daily_sales=0.0, risk_score=39.0, demand_trend=No sales data, confidence=Low, transfer_option=Mock Distribution Branch - Plano, supplier_name=FastTrack Logistics, reliability_score=0.98, avg_delivery_days=2.0",50,0.0,999.0,No sales data,39.0,Low,50.0,Mock Distribution Branch - Plano,"No recent sales history is available, so Safety Glasses Pack at Mock Distribution Branch - Chicago is flagged using the reorder threshold fallback.",Inventory stable,Healthy,procurement_agent,pending
REC00168,reorder,201,55 Gallon Industrial Trash Bags Case,1,,,,,,,high,Reorder 89 units after checking transfer availability. Review supplier timing before placing the order.,55 Gallon Industrial Trash Bags Case in Mock Distribution Branch - Dallas inventory is at high risk and may deplete within 2–5 days based on recent demand patterns. Mock Distribution Branch - Chicago can support with 35 surplus units before procurement. Supplier risk may delay replenishment.,"stock=60, reorder_threshold=30, predicted_days_remaining=4.42, avg_daily_sales=13.57, risk_score=37.0, demand_trend=Stable, confidence=High, transfer_option=Mock Distribution Branch - Chicago, supplier_name=Premier Distribution, reliability_score=0.91, avg_delivery_days=5.0",89,13.57,4.42,Stable,37.0,High,89.0,Mock Distribution Branch - Chicago,Recent demand velocity predicts 55 Gallon Industrial Trash Bags Case at Mock Distribution Branch - Dallas has 2–5 days remaining.,2–5 days remaining,High,procurement_agent,pending
REC00169,reorder,404,Pallet Stretch Film Case,1,,,,,,,high,Reorder 35 units after checking transfer availability. Review supplier timing before placing the order.,Pallet Stretch Film Case in Mock Distribution Branch - Dallas inventory needs monitoring with less than 10 days remaining. Mock Distribution Branch - Irving can support with 5 surplus units before procurement. Supplier risk may delay replenishment.,"stock=41, reorder_threshold=25, predicted_days_remaining=6.24, avg_daily_sales=6.57, risk_score=29.0, demand_trend=Stable, confidence=High, transfer_option=Mock Distribution Branch - Irving, supplier_name=Metro Supply Hub, reliability_score=0.93, avg_delivery_days=4.0",35,6.57,6.24,Stable,29.0,High,35.0,Mock Distribution Branch - Irving,Recent demand velocity predicts Pallet Stretch Film Case at Mock Distribution Branch - Dallas has less than 10 days remaining.,Less than 10 days remaining,Medium,procurement_agent,pending
REC00170,reorder,101,12 oz Paper Hot Cups Case,5,,,,,,,high,Reorder 133 units after checking transfer availability. Review supplier timing before placing the order.,12 oz Paper Hot Cups Case in Mock Distribution Branch - Chicago inventory needs monitoring with less than 10 days remaining. Mock Distribution Branch - Eden Prairie can support with 16 surplus units before procurement. Supplier risk may delay replenishment.,"stock=127, reorder_threshold=40, predicted_days_remaining=6.22, avg_daily_sales=20.43, risk_score=29.0, demand_trend=Stable, confidence=High, transfer_option=Mock Distribution Branch - Eden Prairie, supplier_name=Premier Distribution, reliability_score=0.91, avg_delivery_days=5.0",133,20.43,6.22,Stable,29.0,High,133.0,Mock Distribution Branch - Eden Prairie,Recent demand velocity predicts 12 oz Paper Hot Cups Case at Mock Distribution Branch - Chicago has less than 10 days remaining.,Less than 10 days remaining,Medium,procurement_agent,pending
REC00171,reorder,104,Compostable Takeout Containers Case,1,,,,,,,high,Reorder 54 units after checking transfer availability. Review supplier timing before placing the order.,Compostable Takeout Containers Case in Mock Distribution Branch - Dallas inventory needs monitoring with less than 10 days remaining. Mock Distribution Branch - Eden Prairie can support with 7 surplus units before procurement. Supplier risk may delay replenishment.,"stock=65, reorder_threshold=40, predicted_days_remaining=6.32, avg_daily_sales=10.29, risk_score=28.0, demand_trend=Stable, confidence=High, transfer_option=Mock Distribution Branch - Eden Prairie, supplier_name=Metro Supply Hub, reliability_score=0.93, avg_delivery_days=4.0",54,10.29,6.32,Stable,28.0,High,54.0,Mock Distribution Branch - Eden Prairie,Recent demand velocity predicts Compostable Takeout Containers Case at Mock Distribution Branch - Dallas has less than 10 days remaining.,Less than 10 days remaining,Medium,procurement_agent,pending
REC00172,reorder,302,Safety Glasses Pack,1,,,,,,,high,Reorder 47 units after checking transfer availability.,Safety Glasses Pack in Mock Distribution Branch - Dallas needs review because sales history is limited and stock is at or below its reorder point. Mock Distribution Branch - Plano can support with 22 surplus units before procurement.,"stock=3, reorder_threshold=25, predicted_days_remaining=999.0, avg_daily_sales=0.0, risk_score=6.0, demand_trend=No sales data, confidence=Low, transfer_option=Mock Distribution Branch - Plano, supplier_name=FastTrack Logistics, reliability_score=0.98, avg_delivery_days=2.0",47,0.0,999.0,No sales data,6.0,Low,47.0,Mock Distribution Branch - Plano,"No recent sales history is available, so Safety Glasses Pack at Mock Distribution Branch - Dallas is flagged using the reorder threshold fallback.",Inventory stable,Healthy,procurement_agent,pending
REC00173,reorder,204,Hardwound Paper Towels Case,4,,,,,,,high,Reorder 54 units after checking transfer availability. Review supplier timing before placing the order.,Hardwound Paper Towels Case in Mock Distribution Branch - Eden Prairie needs review because sales history is limited and stock is at or below its reorder point. Mock Distribution Branch - Irving can support with 24 surplus units before procurement. Supplier risk may delay replenishment.,"stock=6, reorder_threshold=30, predicted_days_remaining=999.0, avg_daily_sales=0.0, risk_score=4.0, demand_trend=No sales data, confidence=Low, transfer_option=Mock Distribution Branch - Irving, supplier_name=Metro Supply Hub, reliability_score=0.93, avg_delivery_days=4.0",54,0.0,999.0,No sales data,4.0,Low,54.0,Mock Distribution Branch - Irving,"No recent sales history is available, so Hardwound Paper Towels Case at Mock Distribution Branch - Eden Prairie is flagged using the reorder threshold fallback.",Inventory stable,Healthy,procurement_agent,pending
